id;nom;prenom;fonction
1;sensor Team-oriented;Technician indexing;Account Administrator
2;Hat panel programming;leverage;RSS
3;intranet HTTP;Shirt program withdrawal;Shirt Account EXE
4;Loan Fantastic Account;hacking Tasty Salad;experiences
5;Ergonomic redundant bi-directional;Corporate integrated Mills;Chips withdrawal Awesome
6;card Cambridgeshire interactive;partnerships Checking Senior;tangible wireless withdrawal
7;Supervisor Guyana;Roads;Avon
8;index white;Account;Account
9;Electronics Research;alarm;calculate Tunisian tan
10;Account;Industrial Organized Rubber;Officer fuchsia Pakistan
