id;activites;heuredebut;commentaire;heurefin;date
1;plum implementation;Small District Fish;../fake-data/blob/hipster.txt;superstructure Coordinator;2021-09-14
2;yellow;transmitting connect;../fake-data/blob/hipster.txt;Idaho;2021-09-15
3;USB;York architect Savings;../fake-data/blob/hipster.txt;Metal;2021-09-14
4;optimize Chips Table;Cambridgeshire blue;../fake-data/blob/hipster.txt;clicks-and-mortar Dynamic;2021-09-15
5;Tasty deposit invoice;index;../fake-data/blob/hipster.txt;Vista neural Functionality;2021-09-15
6;Usability;Cambridgeshire;../fake-data/blob/hipster.txt;Manat ability;2021-09-15
7;strategic;Lempira clear-thinking Ports;../fake-data/blob/hipster.txt;Michigan PNG one-to-one;2021-09-14
8;wireless Norway system;Switzerland Granite Ergonomic;../fake-data/blob/hipster.txt;Macao Refined;2021-09-15
9;Games green;Nicaragua parallelism;../fake-data/blob/hipster.txt;Markets;2021-09-15
10;Haven Corporate;multi-byte sensor Zloty;../fake-data/blob/hipster.txt;benchmark;2021-09-14
